patient_id,progression_date,death_date,last_followup_date
1,2022-10-04,2023-03-09,2026-04-23 19:05:30.458892
2,2022-05-17,2023-05-12,2026-04-23 19:05:30.458892
3,2022-10-10,2023-06-07,2026-04-23 19:05:30.458892
4,2022-05-07,2023-11-29,2026-04-23 19:05:30.458892
5,2023-05-02,2023-09-22,2026-04-23 19:05:30.458892
6,2022-03-27,2023-06-19,2026-04-23 19:05:30.458892
7,2022-07-26,2023-09-27,2026-04-23 19:05:30.458892
8,2022-12-29,2023-08-08,2026-04-23 19:05:30.458892
9,2022-05-31,,2026-04-23 19:05:30.458892
10,2022-02-20,,2026-04-23 19:05:30.458892
11,2023-04-22,2024-02-29,2026-04-23 19:05:30.458892
12,2022-08-19,,2026-04-23 19:05:30.458892
13,2022-03-21,,2026-04-23 19:05:30.458892
14,2022-05-11,,2026-04-23 19:05:30.458892
15,2023-02-04,2023-08-27,2026-04-23 19:05:30.458892
16,2022-05-16,2023-03-01,2026-04-23 19:05:30.458892
17,2022-12-12,2023-11-16,2026-04-23 19:05:30.458892
18,2022-06-19,2023-11-14,2026-04-23 19:05:30.458892
19,2023-04-02,,2026-04-23 19:05:30.458892
20,2022-06-12,2023-12-01,2026-04-23 19:05:30.458892
21,2022-07-18,2024-01-26,2026-04-23 19:05:30.458892
22,2023-04-01,2023-08-25,2026-04-23 19:05:30.458892
23,2022-08-15,2023-03-17,2026-04-23 19:05:30.458892
24,2022-02-17,2023-11-02,2026-04-23 19:05:30.458892
25,2022-11-06,,2026-04-23 19:05:30.458892
26,2022-09-10,2023-07-18,2026-04-23 19:05:30.458892
27,2023-05-09,2024-03-06,2026-04-23 19:05:30.458892
28,2022-04-13,,2026-04-23 19:05:30.458892
29,2022-02-05,2023-03-11,2026-04-23 19:05:30.458892
30,2022-01-06,2023-10-09,2026-04-23 19:05:30.458892
31,2022-07-18,2023-02-27,2026-04-23 19:05:30.458892
32,2022-01-12,2023-11-25,2026-04-23 19:05:30.458892
33,2022-04-13,2023-06-28,2026-04-23 19:05:30.458892
34,2022-07-06,2024-04-16,2026-04-23 19:05:30.458892
35,2022-11-17,2023-11-04,2026-04-23 19:05:30.458892
36,2022-06-27,,2026-04-23 19:05:30.458892
37,2023-03-03,2023-05-24,2026-04-23 19:05:30.458892
38,2022-06-20,,2026-04-23 19:05:30.458892
39,2022-06-26,2023-01-27,2026-04-23 19:05:30.458892
40,2022-03-30,2023-06-10,2026-04-23 19:05:30.458892
41,2022-07-23,2023-05-31,2026-04-23 19:05:30.458892
42,2023-03-15,2023-06-22,2026-04-23 19:05:30.458892
43,2022-12-13,,2026-04-23 19:05:30.458892
44,2022-12-09,,2026-04-23 19:05:30.458892
45,2022-07-30,,2026-04-23 19:05:30.458892
46,2022-08-01,2023-01-22,2026-04-23 19:05:30.458892
47,2023-03-10,2023-10-25,2026-04-23 19:05:30.458892
48,2022-01-21,2023-12-31,2026-04-23 19:05:30.458892
49,2022-03-29,2023-02-02,2026-04-23 19:05:30.458892
50,2022-01-13,2023-04-19,2026-04-23 19:05:30.458892
51,2023-03-02,2024-01-29,2026-04-23 19:05:30.458892
52,2023-05-14,,2026-04-23 19:05:30.458892
53,2023-04-29,2023-04-06,2026-04-23 19:05:30.458892
54,2022-04-30,2023-05-05,2026-04-23 19:05:30.458892
55,2023-02-03,2023-12-01,2026-04-23 19:05:30.458892
56,2022-06-27,2023-10-22,2026-04-23 19:05:30.458892
57,2022-05-09,2024-01-13,2026-04-23 19:05:30.458892
58,2022-02-20,2023-10-29,2026-04-23 19:05:30.458892
59,2023-02-22,,2026-04-23 19:05:30.458892
60,2022-02-11,,2026-04-23 19:05:30.458892
61,2022-11-14,2023-01-25,2026-04-23 19:05:30.458892
62,2022-04-05,,2026-04-23 19:05:30.458892
63,2022-08-30,2024-02-03,2026-04-23 19:05:30.458892
64,2023-02-20,2023-02-27,2026-04-23 19:05:30.458892
65,2022-12-22,2024-03-18,2026-04-23 19:05:30.458892
66,2022-03-02,2023-01-26,2026-04-23 19:05:30.458892
67,2022-12-15,,2026-04-23 19:05:30.458892
68,2023-03-14,,2026-04-23 19:05:30.458892
69,2023-04-03,2023-03-26,2026-04-23 19:05:30.458892
70,2023-03-18,2023-01-22,2026-04-23 19:05:30.458892
71,2023-04-14,2024-01-01,2026-04-23 19:05:30.458892
72,2022-08-16,,2026-04-23 19:05:30.458892
73,2023-02-12,2023-02-06,2026-04-23 19:05:30.458892
74,2023-02-15,2024-01-09,2026-04-23 19:05:30.458892
75,2022-10-04,2023-04-11,2026-04-23 19:05:30.458892
76,2022-01-18,2023-05-22,2026-04-23 19:05:30.458892
77,2022-09-01,2023-01-04,2026-04-23 19:05:30.458892
78,2022-11-07,2023-01-24,2026-04-23 19:05:30.458892
79,2022-11-20,2024-03-25,2026-04-23 19:05:30.458892
80,2022-02-16,,2026-04-23 19:05:30.458892
81,2022-11-06,2023-11-17,2026-04-23 19:05:30.458892
82,2022-01-18,2023-11-18,2026-04-23 19:05:30.458892
83,2023-01-19,2023-09-26,2026-04-23 19:05:30.458892
84,2022-07-20,2023-01-27,2026-04-23 19:05:30.458892
85,2023-05-15,2024-01-07,2026-04-23 19:05:30.458892
86,2022-09-10,2023-03-22,2026-04-23 19:05:30.458892
87,2022-07-11,2023-05-01,2026-04-23 19:05:30.458892
88,2022-02-18,2023-12-31,2026-04-23 19:05:30.458892
89,2022-04-04,2024-02-05,2026-04-23 19:05:30.458892
90,2023-02-23,2023-03-10,2026-04-23 19:05:30.458892
91,2022-08-25,2024-04-16,2026-04-23 19:05:30.458892
92,2022-08-10,2023-11-09,2026-04-23 19:05:30.458892
93,2022-06-16,2023-03-13,2026-04-23 19:05:30.458892
94,2023-05-09,2023-09-03,2026-04-23 19:05:30.458892
95,2022-09-11,,2026-04-23 19:05:30.458892
96,2023-03-18,2023-09-10,2026-04-23 19:05:30.458892
97,2022-02-26,2023-12-30,2026-04-23 19:05:30.458892
98,2022-01-06,2023-03-14,2026-04-23 19:05:30.458892
99,2023-04-07,2023-10-01,2026-04-23 19:05:30.458892
100,2022-08-26,,2026-04-23 19:05:30.458892
101,2022-08-09,2023-06-28,2026-04-23 19:05:30.458892
102,2022-08-12,,2026-04-23 19:05:30.458892
103,2022-03-19,2023-02-09,2026-04-23 19:05:30.458892
104,2022-01-20,2023-02-08,2026-04-23 19:05:30.458892
105,2022-11-02,2023-02-25,2026-04-23 19:05:30.458892
106,2022-09-22,2024-01-08,2026-04-23 19:05:30.458892
107,2022-07-23,2023-08-21,2026-04-23 19:05:30.458892
108,2022-05-22,2023-02-23,2026-04-23 19:05:30.458892
109,2023-01-11,2023-06-21,2026-04-23 19:05:30.458892
110,2023-02-11,,2026-04-23 19:05:30.458892
111,2022-10-31,,2026-04-23 19:05:30.458892
112,2023-04-27,2024-05-04,2026-04-23 19:05:30.458892
113,2022-03-21,,2026-04-23 19:05:30.458892
114,2022-07-29,2023-07-08,2026-04-23 19:05:30.458892
115,2022-09-13,2024-03-25,2026-04-23 19:05:30.458892
116,2022-11-08,,2026-04-23 19:05:30.458892
117,2023-05-04,2023-02-12,2026-04-23 19:05:30.458892
118,2023-01-12,,2026-04-23 19:05:30.458892
119,2022-02-09,2023-09-18,2026-04-23 19:05:30.458892
120,2022-12-19,2024-04-29,2026-04-23 19:05:30.458892
121,2023-03-29,2024-01-04,2026-04-23 19:05:30.458892
122,2023-02-27,,2026-04-23 19:05:30.458892
123,2022-07-21,2023-02-06,2026-04-23 19:05:30.458892
124,2022-03-27,2024-02-14,2026-04-23 19:05:30.458892
125,2022-02-12,2023-08-23,2026-04-23 19:05:30.458892
126,2022-08-24,2023-09-22,2026-04-23 19:05:30.458892
127,2023-04-26,2023-01-15,2026-04-23 19:05:30.458892
128,2023-01-13,2023-03-29,2026-04-23 19:05:30.458892
129,2023-02-19,2024-04-16,2026-04-23 19:05:30.458892
130,2022-03-11,,2026-04-23 19:05:30.458892
131,2022-12-22,,2026-04-23 19:05:30.458892
132,2022-05-11,,2026-04-23 19:05:30.458892
133,2022-05-12,2023-08-05,2026-04-23 19:05:30.458892
134,2022-09-05,,2026-04-23 19:05:30.458892
135,2022-06-04,2023-07-10,2026-04-23 19:05:30.458892
136,2022-08-18,,2026-04-23 19:05:30.458892
137,2022-03-30,,2026-04-23 19:05:30.458892
138,2022-08-17,2023-04-15,2026-04-23 19:05:30.458892
139,2022-01-27,,2026-04-23 19:05:30.458892
140,2022-12-27,2023-07-01,2026-04-23 19:05:30.458892
141,2022-12-22,,2026-04-23 19:05:30.458892
142,2022-08-26,2023-06-08,2026-04-23 19:05:30.458892
143,2022-06-24,,2026-04-23 19:05:30.458892
144,2022-11-12,2023-08-23,2026-04-23 19:05:30.458892
145,2022-10-19,2023-10-15,2026-04-23 19:05:30.458892
146,2023-01-09,2024-01-21,2026-04-23 19:05:30.458892
147,2023-03-06,,2026-04-23 19:05:30.458892
148,2022-03-02,2023-10-11,2026-04-23 19:05:30.458892
149,2022-06-19,2023-03-12,2026-04-23 19:05:30.458892
150,2022-09-20,2023-08-03,2026-04-23 19:05:30.458892
151,2023-02-18,2023-04-27,2026-04-23 19:05:30.458892
152,2022-11-02,2023-04-10,2026-04-23 19:05:30.458892
153,2022-04-26,2023-03-29,2026-04-23 19:05:30.458892
154,2022-06-24,,2026-04-23 19:05:30.458892
155,2022-08-09,2023-06-02,2026-04-23 19:05:30.458892
156,2023-02-28,2023-10-22,2026-04-23 19:05:30.458892
157,2022-05-08,,2026-04-23 19:05:30.458892
158,2023-05-04,2023-05-12,2026-04-23 19:05:30.458892
159,2022-01-05,2024-05-07,2026-04-23 19:05:30.458892
160,2022-11-22,2023-11-04,2026-04-23 19:05:30.458892
161,2022-07-05,2023-05-02,2026-04-23 19:05:30.458892
162,2022-06-21,2023-07-30,2026-04-23 19:05:30.458892
163,2022-07-18,,2026-04-23 19:05:30.458892
164,2022-08-19,2023-02-26,2026-04-23 19:05:30.458892
165,2022-10-15,2023-01-13,2026-04-23 19:05:30.458892
166,2022-12-01,2023-07-12,2026-04-23 19:05:30.458892
167,2022-04-25,,2026-04-23 19:05:30.458892
168,2022-11-29,2024-04-26,2026-04-23 19:05:30.458892
169,2023-04-11,2023-11-23,2026-04-23 19:05:30.458892
170,2022-11-26,2023-06-02,2026-04-23 19:05:30.458892
171,2023-02-28,,2026-04-23 19:05:30.458892
172,2022-11-09,2023-01-30,2026-04-23 19:05:30.458892
173,2022-01-11,2024-01-04,2026-04-23 19:05:30.458892
174,2023-02-28,2023-07-08,2026-04-23 19:05:30.458892
175,2022-04-14,,2026-04-23 19:05:30.458892
176,2022-06-24,2023-11-06,2026-04-23 19:05:30.458892
177,2023-01-21,2023-04-19,2026-04-23 19:05:30.458892
178,2023-04-20,2024-02-05,2026-04-23 19:05:30.458892
179,2023-03-12,2023-12-19,2026-04-23 19:05:30.458892
180,2023-01-09,2023-03-01,2026-04-23 19:05:30.458892
181,2022-04-30,2023-03-07,2026-04-23 19:05:30.458892
182,2022-08-25,2023-06-15,2026-04-23 19:05:30.458892
183,2023-05-13,2024-05-06,2026-04-23 19:05:30.458892
184,2022-08-24,2023-05-21,2026-04-23 19:05:30.458892
185,2023-04-01,2023-02-21,2026-04-23 19:05:30.458892
186,2022-11-01,,2026-04-23 19:05:30.458892
187,2023-03-19,2023-02-01,2026-04-23 19:05:30.458892
188,2022-02-07,2023-08-02,2026-04-23 19:05:30.458892
189,2022-09-29,2023-09-22,2026-04-23 19:05:30.458892
190,2023-01-11,2023-01-17,2026-04-23 19:05:30.458892
191,2022-12-10,2023-05-06,2026-04-23 19:05:30.458892
192,2022-09-08,2023-03-23,2026-04-23 19:05:30.458892
193,2023-04-16,2023-02-09,2026-04-23 19:05:30.458892
194,2023-01-10,2023-04-14,2026-04-23 19:05:30.458892
195,2022-11-30,2023-08-07,2026-04-23 19:05:30.458892
196,2022-01-27,2024-04-03,2026-04-23 19:05:30.458892
197,2022-11-26,2023-07-01,2026-04-23 19:05:30.458892
198,2022-05-03,2024-01-19,2026-04-23 19:05:30.458892
199,2022-06-05,2024-03-13,2026-04-23 19:05:30.458892
200,2022-08-05,2023-06-05,2026-04-23 19:05:30.458892
201,2022-07-13,2024-03-31,2026-04-23 19:05:30.458892
202,2022-10-28,2023-06-27,2026-04-23 19:05:30.458892
203,2022-06-10,2023-01-18,2026-04-23 19:05:30.458892
204,2022-05-08,,2026-04-23 19:05:30.458892
205,2022-11-12,2023-06-10,2026-04-23 19:05:30.458892
206,2022-06-27,2024-02-03,2026-04-23 19:05:30.458892
207,2022-05-06,,2026-04-23 19:05:30.458892
208,2022-06-23,,2026-04-23 19:05:30.458892
209,2022-02-04,2023-08-10,2026-04-23 19:05:30.458892
210,2022-08-27,2023-09-19,2026-04-23 19:05:30.458892
211,2022-02-10,,2026-04-23 19:05:30.458892
212,2022-07-05,2023-07-06,2026-04-23 19:05:30.458892
213,2023-04-06,2023-12-20,2026-04-23 19:05:30.458892
214,2022-07-02,2024-01-10,2026-04-23 19:05:30.458892
215,2023-01-24,2024-04-11,2026-04-23 19:05:30.458892
216,2022-09-18,2023-08-29,2026-04-23 19:05:30.458892
217,2023-02-10,2023-08-13,2026-04-23 19:05:30.458892
218,2022-02-03,2023-11-30,2026-04-23 19:05:30.458892
219,2023-03-25,2023-02-17,2026-04-23 19:05:30.458892
220,2022-07-06,2023-04-21,2026-04-23 19:05:30.458892
221,2023-02-05,,2026-04-23 19:05:30.458892
222,2022-11-03,2023-03-24,2026-04-23 19:05:30.458892
223,2023-03-09,2023-04-14,2026-04-23 19:05:30.458892
224,2022-05-17,2024-04-07,2026-04-23 19:05:30.458892
225,2022-07-21,2023-03-15,2026-04-23 19:05:30.458892
226,2023-01-16,2023-02-24,2026-04-23 19:05:30.458892
227,2022-05-23,2023-11-13,2026-04-23 19:05:30.458892
228,2022-04-19,2023-01-02,2026-04-23 19:05:30.458892
229,2022-06-06,2023-08-30,2026-04-23 19:05:30.458892
230,2022-09-12,2024-01-07,2026-04-23 19:05:30.458892
231,2022-06-30,,2026-04-23 19:05:30.458892
232,2023-02-13,,2026-04-23 19:05:30.458892
233,2022-12-07,2023-11-28,2026-04-23 19:05:30.458892
234,2023-04-10,,2026-04-23 19:05:30.458892
235,2022-08-07,2023-03-17,2026-04-23 19:05:30.458892
236,2022-01-28,,2026-04-23 19:05:30.458892
237,2022-05-31,2023-09-15,2026-04-23 19:05:30.458892
238,2022-12-25,2023-05-01,2026-04-23 19:05:30.458892
239,2022-04-10,2023-11-17,2026-04-23 19:05:30.458892
240,2022-01-03,2024-03-25,2026-04-23 19:05:30.458892
241,2022-02-02,2023-08-03,2026-04-23 19:05:30.458892
242,2022-07-18,2024-04-20,2026-04-23 19:05:30.458892
243,2022-03-10,2023-09-02,2026-04-23 19:05:30.458892
244,2022-03-31,2023-12-03,2026-04-23 19:05:30.458892
245,2022-01-17,2023-06-29,2026-04-23 19:05:30.458892
246,2022-12-03,,2026-04-23 19:05:30.458892
247,2023-01-02,2023-12-07,2026-04-23 19:05:30.458892
248,2022-11-19,2023-10-27,2026-04-23 19:05:30.458892
249,2022-11-19,2023-10-17,2026-04-23 19:05:30.458892
250,2022-02-03,2023-03-14,2026-04-23 19:05:30.458892
251,2022-09-21,2023-07-28,2026-04-23 19:05:30.458892
252,2022-10-28,2023-08-29,2026-04-23 19:05:30.458892
253,2022-03-01,,2026-04-23 19:05:30.458892
254,2022-07-03,2023-06-22,2026-04-23 19:05:30.458892
255,2022-11-22,2024-02-20,2026-04-23 19:05:30.458892
256,2022-12-23,2023-01-05,2026-04-23 19:05:30.458892
257,2022-12-31,2024-04-06,2026-04-23 19:05:30.458892
258,2023-02-10,2024-01-01,2026-04-23 19:05:30.458892
259,2023-02-21,2024-05-09,2026-04-23 19:05:30.458892
260,2023-03-10,,2026-04-23 19:05:30.458892
261,2022-07-18,2023-08-02,2026-04-23 19:05:30.458892
262,2022-08-29,2024-03-22,2026-04-23 19:05:30.458892
263,2022-08-20,2023-11-21,2026-04-23 19:05:30.458892
264,2022-07-30,,2026-04-23 19:05:30.458892
265,2023-01-03,2023-02-07,2026-04-23 19:05:30.458892
266,2023-03-06,2024-01-28,2026-04-23 19:05:30.458892
267,2022-02-21,2023-03-02,2026-04-23 19:05:30.458892
268,2022-04-29,2023-04-05,2026-04-23 19:05:30.458892
269,2022-11-26,2023-08-21,2026-04-23 19:05:30.458892
270,2022-08-03,,2026-04-23 19:05:30.458892
271,2022-11-18,2023-02-05,2026-04-23 19:05:30.458892
272,2022-05-29,2023-01-01,2026-04-23 19:05:30.458892
273,2023-02-12,2023-05-30,2026-04-23 19:05:30.458892
274,2022-06-25,2024-04-15,2026-04-23 19:05:30.458892
275,2023-01-12,2023-08-03,2026-04-23 19:05:30.458892
276,2022-09-26,2024-02-03,2026-04-23 19:05:30.458892
277,2022-11-16,,2026-04-23 19:05:30.458892
278,2022-01-05,2023-03-06,2026-04-23 19:05:30.458892
279,2023-02-06,2023-01-06,2026-04-23 19:05:30.458892
280,2022-04-26,2024-02-28,2026-04-23 19:05:30.458892
281,2022-07-22,2024-02-23,2026-04-23 19:05:30.458892
282,2022-02-06,,2026-04-23 19:05:30.458892
283,2022-02-23,2023-07-08,2026-04-23 19:05:30.458892
284,2022-10-15,2023-05-31,2026-04-23 19:05:30.458892
285,2022-10-11,2023-05-28,2026-04-23 19:05:30.458892
286,2022-03-27,2023-01-28,2026-04-23 19:05:30.458892
287,2022-02-14,2023-06-14,2026-04-23 19:05:30.458892
288,2022-10-11,2024-04-10,2026-04-23 19:05:30.458892
289,2022-11-17,,2026-04-23 19:05:30.458892
290,2022-03-11,2023-09-11,2026-04-23 19:05:30.458892
291,2023-04-04,2023-11-01,2026-04-23 19:05:30.458892
292,2022-02-11,2024-05-09,2026-04-23 19:05:30.458892
293,2023-02-21,2023-07-31,2026-04-23 19:05:30.458892
294,2022-09-29,2023-10-07,2026-04-23 19:05:30.458892
295,2022-05-21,2023-03-21,2026-04-23 19:05:30.458892
296,2023-02-09,2023-09-26,2026-04-23 19:05:30.458892
297,2022-02-28,2023-12-14,2026-04-23 19:05:30.458892
298,2022-08-28,,2026-04-23 19:05:30.458892
299,2022-02-16,2023-01-15,2026-04-23 19:05:30.458892
300,2022-06-16,2023-03-28,2026-04-23 19:05:30.458892
301,2022-04-20,,2026-04-23 19:05:30.458892
302,2022-05-06,,2026-04-23 19:05:30.458892
303,2023-04-17,2023-08-11,2026-04-23 19:05:30.458892
304,2022-10-26,2023-11-21,2026-04-23 19:05:30.458892
305,2023-02-15,2023-04-01,2026-04-23 19:05:30.458892
306,2022-04-19,2024-05-06,2026-04-23 19:05:30.458892
307,2022-06-14,2023-11-12,2026-04-23 19:05:30.458892
308,2023-01-05,,2026-04-23 19:05:30.458892
309,2022-09-16,2023-11-03,2026-04-23 19:05:30.458892
310,2022-03-17,2023-11-16,2026-04-23 19:05:30.458892
311,2022-01-07,2023-04-16,2026-04-23 19:05:30.458892
312,2022-07-05,2023-09-10,2026-04-23 19:05:30.458892
313,2022-10-03,,2026-04-23 19:05:30.458892
314,2022-03-20,2023-02-25,2026-04-23 19:05:30.458892
315,2022-03-06,2024-02-20,2026-04-23 19:05:30.458892
316,2022-04-25,2024-02-11,2026-04-23 19:05:30.458892
317,2022-07-21,2024-03-13,2026-04-23 19:05:30.458892
318,2022-05-22,2023-08-27,2026-04-23 19:05:30.458892
319,2023-04-08,2024-04-01,2026-04-23 19:05:30.458892
320,2022-04-08,2024-04-21,2026-04-23 19:05:30.458892
321,2022-11-01,,2026-04-23 19:05:30.458892
322,2022-08-05,2024-04-30,2026-04-23 19:05:30.458892
323,2023-04-24,2023-12-07,2026-04-23 19:05:30.458892
324,2022-03-15,,2026-04-23 19:05:30.458892
325,2022-10-20,2024-03-29,2026-04-23 19:05:30.458892
326,2022-05-14,2023-08-06,2026-04-23 19:05:30.458892
327,2022-09-19,2023-07-31,2026-04-23 19:05:30.458892
328,2022-10-11,2023-07-08,2026-04-23 19:05:30.458892
329,2022-04-12,2023-12-01,2026-04-23 19:05:30.458892
330,2023-01-12,2023-12-31,2026-04-23 19:05:30.458892
331,2022-07-25,,2026-04-23 19:05:30.458892
332,2022-05-21,2024-02-08,2026-04-23 19:05:30.458892
333,2022-01-13,2024-03-12,2026-04-23 19:05:30.458892
334,2022-09-06,,2026-04-23 19:05:30.458892
335,2022-05-03,2023-10-12,2026-04-23 19:05:30.458892
336,2022-01-10,2023-03-11,2026-04-23 19:05:30.458892
337,2022-03-21,2023-12-02,2026-04-23 19:05:30.458892
338,2022-06-16,2023-03-06,2026-04-23 19:05:30.458892
339,2022-04-09,2024-03-21,2026-04-23 19:05:30.458892
340,2022-07-26,2023-07-17,2026-04-23 19:05:30.458892
341,2022-05-31,,2026-04-23 19:05:30.458892
342,2022-02-06,,2026-04-23 19:05:30.458892
343,2023-01-12,,2026-04-23 19:05:30.458892
344,2022-09-21,2023-09-20,2026-04-23 19:05:30.458892
345,2023-04-19,2023-03-01,2026-04-23 19:05:30.458892
346,2023-03-20,2023-01-10,2026-04-23 19:05:30.458892
347,2022-12-08,,2026-04-23 19:05:30.458892
348,2022-01-05,,2026-04-23 19:05:30.458892
349,2023-01-13,2024-01-17,2026-04-23 19:05:30.458892
350,2022-08-14,2023-12-07,2026-04-23 19:05:30.458892
351,2022-01-27,2023-03-31,2026-04-23 19:05:30.458892
352,2022-05-04,2023-02-06,2026-04-23 19:05:30.458892
353,2023-02-07,,2026-04-23 19:05:30.458892
354,2023-03-03,2024-01-23,2026-04-23 19:05:30.458892
355,2022-10-26,2023-03-25,2026-04-23 19:05:30.458892
356,2022-02-04,2024-05-10,2026-04-23 19:05:30.458892
357,2022-08-25,2023-08-22,2026-04-23 19:05:30.458892
358,2023-04-13,,2026-04-23 19:05:30.458892
359,2023-05-14,,2026-04-23 19:05:30.458892
360,2022-11-07,2023-04-14,2026-04-23 19:05:30.458892
361,2022-11-13,,2026-04-23 19:05:30.458892
362,2022-10-30,2023-08-13,2026-04-23 19:05:30.458892
363,2022-04-12,2023-10-06,2026-04-23 19:05:30.458892
364,2022-03-18,,2026-04-23 19:05:30.458892
365,2022-11-08,,2026-04-23 19:05:30.458892
366,2022-03-23,,2026-04-23 19:05:30.458892
367,2022-05-26,2024-03-04,2026-04-23 19:05:30.458892
368,2022-07-12,,2026-04-23 19:05:30.458892
369,2022-08-12,,2026-04-23 19:05:30.458892
370,2022-02-22,2023-01-02,2026-04-23 19:05:30.458892
371,2022-12-11,2023-06-25,2026-04-23 19:05:30.458892
372,2022-03-26,2023-09-30,2026-04-23 19:05:30.458892
373,2023-04-20,2023-04-28,2026-04-23 19:05:30.458892
374,2023-01-30,2023-09-29,2026-04-23 19:05:30.458892
375,2023-01-03,2024-01-01,2026-04-23 19:05:30.458892
376,2022-05-09,2023-06-22,2026-04-23 19:05:30.458892
377,2022-07-30,2023-10-31,2026-04-23 19:05:30.458892
378,2022-12-18,2023-06-01,2026-04-23 19:05:30.458892
379,2022-09-21,,2026-04-23 19:05:30.458892
380,2023-02-07,,2026-04-23 19:05:30.458892
381,2022-07-02,2023-04-02,2026-04-23 19:05:30.458892
382,2022-09-29,2024-05-11,2026-04-23 19:05:30.458892
383,2022-08-15,2023-06-10,2026-04-23 19:05:30.458892
384,2022-11-18,2023-04-16,2026-04-23 19:05:30.458892
385,2022-01-12,,2026-04-23 19:05:30.458892
386,2022-04-03,2023-04-13,2026-04-23 19:05:30.458892
387,2022-11-26,,2026-04-23 19:05:30.458892
388,2022-07-09,,2026-04-23 19:05:30.458892
389,2022-03-27,2023-10-16,2026-04-23 19:05:30.458892
390,2022-12-20,2024-04-02,2026-04-23 19:05:30.458892
391,2023-03-18,,2026-04-23 19:05:30.458892
392,2022-10-04,2024-01-22,2026-04-23 19:05:30.458892
393,2022-10-20,2023-04-11,2026-04-23 19:05:30.458892
394,2022-09-18,2023-10-28,2026-04-23 19:05:30.458892
395,2022-07-17,2023-01-21,2026-04-23 19:05:30.458892
396,2023-02-20,,2026-04-23 19:05:30.458892
397,2022-11-19,2023-07-11,2026-04-23 19:05:30.458892
398,2022-01-10,2023-03-14,2026-04-23 19:05:30.458892
399,2023-03-29,2023-11-09,2026-04-23 19:05:30.458892
400,2022-03-29,,2026-04-23 19:05:30.458892
401,2022-12-06,2023-03-03,2026-04-23 19:05:30.458892
402,2022-11-14,2023-06-20,2026-04-23 19:05:30.458892
403,2022-02-06,,2026-04-23 19:05:30.458892
404,2022-08-11,2023-08-04,2026-04-23 19:05:30.458892
405,2022-06-24,2023-06-23,2026-04-23 19:05:30.458892
406,2022-07-28,,2026-04-23 19:05:30.458892
407,2022-02-18,2023-01-24,2026-04-23 19:05:30.458892
408,2022-01-24,2024-02-12,2026-04-23 19:05:30.458892
409,2022-12-04,2023-05-18,2026-04-23 19:05:30.458892
410,2023-02-14,2023-04-09,2026-04-23 19:05:30.458892
411,2022-04-16,,2026-04-23 19:05:30.458892
412,2022-11-07,2023-02-26,2026-04-23 19:05:30.458892
413,2022-09-20,2023-09-04,2026-04-23 19:05:30.458892
414,2023-05-06,2023-06-21,2026-04-23 19:05:30.458892
415,2022-07-25,2023-07-20,2026-04-23 19:05:30.458892
416,2022-06-18,2023-11-27,2026-04-23 19:05:30.458892
417,2023-05-12,2023-04-17,2026-04-23 19:05:30.458892
418,2023-01-21,2023-02-17,2026-04-23 19:05:30.458892
419,2022-06-07,2023-11-29,2026-04-23 19:05:30.458892
420,2022-08-29,2024-02-15,2026-04-23 19:05:30.458892
421,2023-04-10,2023-10-13,2026-04-23 19:05:30.458892
422,2022-05-03,2023-02-15,2026-04-23 19:05:30.458892
423,2022-01-20,2024-05-01,2026-04-23 19:05:30.458892
424,2022-02-25,2024-01-31,2026-04-23 19:05:30.458892
425,2023-04-03,,2026-04-23 19:05:30.458892
426,2022-10-07,2023-03-01,2026-04-23 19:05:30.458892
427,2022-04-18,,2026-04-23 19:05:30.458892
428,2022-05-20,2023-04-14,2026-04-23 19:05:30.458892
429,2022-04-01,2023-03-09,2026-04-23 19:05:30.458892
430,2022-09-28,2024-03-13,2026-04-23 19:05:30.458892
431,2022-11-25,2024-05-11,2026-04-23 19:05:30.458892
432,2022-07-29,2023-06-11,2026-04-23 19:05:30.458892
433,2022-06-25,,2026-04-23 19:05:30.458892
434,2022-03-02,2023-04-28,2026-04-23 19:05:30.458892
435,2023-03-31,2023-08-25,2026-04-23 19:05:30.458892
436,2022-10-11,,2026-04-23 19:05:30.458892
437,2023-01-01,2023-05-04,2026-04-23 19:05:30.458892
438,2023-04-29,2023-04-27,2026-04-23 19:05:30.458892
439,2022-01-03,2023-09-20,2026-04-23 19:05:30.458892
440,2023-05-07,2023-12-04,2026-04-23 19:05:30.458892
441,2022-09-29,2023-06-19,2026-04-23 19:05:30.458892
442,2022-06-13,2023-07-15,2026-04-23 19:05:30.458892
443,2023-01-23,,2026-04-23 19:05:30.458892
444,2023-04-28,2024-01-27,2026-04-23 19:05:30.458892
445,2022-01-09,2023-05-30,2026-04-23 19:05:30.458892
446,2023-01-01,,2026-04-23 19:05:30.458892
447,2022-01-12,2023-10-09,2026-04-23 19:05:30.458892
448,2022-03-15,,2026-04-23 19:05:30.458892
449,2022-08-26,2023-07-10,2026-04-23 19:05:30.458892
450,2022-10-27,2023-06-23,2026-04-23 19:05:30.458892
451,2022-04-18,2024-01-08,2026-04-23 19:05:30.458892
452,2023-03-26,,2026-04-23 19:05:30.458892
453,2023-02-07,2023-06-21,2026-04-23 19:05:30.458892
454,2022-01-13,2024-03-21,2026-04-23 19:05:30.458892
455,2022-08-22,2023-06-13,2026-04-23 19:05:30.458892
456,2023-03-15,2023-10-24,2026-04-23 19:05:30.458892
457,2022-09-02,2023-04-21,2026-04-23 19:05:30.458892
458,2023-04-26,,2026-04-23 19:05:30.458892
459,2022-11-17,,2026-04-23 19:05:30.458892
460,2022-04-02,2024-02-15,2026-04-23 19:05:30.458892
461,2022-12-26,2023-03-11,2026-04-23 19:05:30.458892
462,2022-07-17,2023-04-08,2026-04-23 19:05:30.458892
463,2022-04-26,2024-02-29,2026-04-23 19:05:30.458892
464,2022-05-11,2023-01-05,2026-04-23 19:05:30.458892
465,2022-12-31,2023-07-04,2026-04-23 19:05:30.458892
466,2022-06-02,2023-07-23,2026-04-23 19:05:30.458892
467,2022-05-01,2024-02-17,2026-04-23 19:05:30.458892
468,2022-04-18,2024-01-13,2026-04-23 19:05:30.458892
469,2023-03-12,2024-04-29,2026-04-23 19:05:30.458892
470,2022-01-16,2023-01-12,2026-04-23 19:05:30.458892
471,2022-10-26,2024-02-13,2026-04-23 19:05:30.458892
472,2022-02-25,2023-08-27,2026-04-23 19:05:30.458892
473,2023-03-28,2024-02-22,2026-04-23 19:05:30.458892
474,2023-01-27,2023-11-27,2026-04-23 19:05:30.458892
475,2022-04-13,2024-04-15,2026-04-23 19:05:30.458892
476,2022-07-27,2023-10-07,2026-04-23 19:05:30.458892
477,2023-03-04,2023-04-25,2026-04-23 19:05:30.458892
478,2023-02-26,2024-01-04,2026-04-23 19:05:30.458892
479,2022-05-31,,2026-04-23 19:05:30.458892
480,2022-09-19,2024-03-22,2026-04-23 19:05:30.458892
481,2022-02-12,2023-11-15,2026-04-23 19:05:30.458892
482,2022-10-27,2024-01-29,2026-04-23 19:05:30.458892
483,2023-04-09,2023-05-13,2026-04-23 19:05:30.458892
484,2022-04-28,2023-08-11,2026-04-23 19:05:30.458892
485,2022-12-02,2023-12-11,2026-04-23 19:05:30.458892
486,2022-10-06,2023-06-30,2026-04-23 19:05:30.458892
487,2022-05-24,2024-04-09,2026-04-23 19:05:30.458892
488,2022-08-16,2023-01-28,2026-04-23 19:05:30.458892
489,2022-07-23,2023-07-12,2026-04-23 19:05:30.458892
490,2022-08-17,2023-10-28,2026-04-23 19:05:30.458892
491,2022-09-22,2024-03-25,2026-04-23 19:05:30.458892
492,2023-04-11,2023-09-13,2026-04-23 19:05:30.458892
493,2022-05-17,,2026-04-23 19:05:30.458892
494,2022-08-28,2023-04-21,2026-04-23 19:05:30.458892
495,2023-04-14,,2026-04-23 19:05:30.458892
496,2022-07-05,2023-07-13,2026-04-23 19:05:30.458892
497,2023-03-25,2023-05-04,2026-04-23 19:05:30.458892
498,2022-11-11,2023-04-01,2026-04-23 19:05:30.458892
499,2022-05-31,,2026-04-23 19:05:30.458892
500,2022-11-21,2023-10-10,2026-04-23 19:05:30.458892
501,2023-02-07,2023-08-17,2026-04-23 19:05:30.458892
502,2022-10-18,2023-05-25,2026-04-23 19:05:30.458892
503,2022-12-19,2024-03-27,2026-04-23 19:05:30.458892
504,2023-03-15,2024-03-03,2026-04-23 19:05:30.458892
505,2022-04-20,2023-08-30,2026-04-23 19:05:30.458892
506,2023-04-11,2024-04-30,2026-04-23 19:05:30.458892
507,2022-02-09,2023-01-31,2026-04-23 19:05:30.458892
508,2022-05-22,,2026-04-23 19:05:30.458892
509,2022-12-06,,2026-04-23 19:05:30.458892
510,2023-01-07,2023-03-30,2026-04-23 19:05:30.458892
511,2022-01-13,2024-04-20,2026-04-23 19:05:30.458892
512,2022-02-22,2024-02-07,2026-04-23 19:05:30.458892
513,2022-03-21,2023-04-11,2026-04-23 19:05:30.458892
514,2022-08-21,,2026-04-23 19:05:30.458892
515,2022-12-17,2023-10-06,2026-04-23 19:05:30.458892
516,2022-02-08,2023-05-01,2026-04-23 19:05:30.458892
517,2022-08-15,2023-08-31,2026-04-23 19:05:30.458892
518,2022-12-06,2024-04-28,2026-04-23 19:05:30.458892
519,2022-05-01,,2026-04-23 19:05:30.458892
520,2022-03-06,,2026-04-23 19:05:30.458892
521,2023-03-16,2023-09-30,2026-04-23 19:05:30.458892
522,2022-10-23,2024-01-05,2026-04-23 19:05:30.458892
523,2023-03-06,2024-05-13,2026-04-23 19:05:30.458892
524,2022-07-24,2024-04-22,2026-04-23 19:05:30.458892
525,2022-05-15,,2026-04-23 19:05:30.458892
526,2022-02-14,2023-09-04,2026-04-23 19:05:30.458892
527,2022-10-05,2024-04-15,2026-04-23 19:05:30.458892
528,2022-05-15,2024-03-08,2026-04-23 19:05:30.458892
529,2023-01-13,2024-01-22,2026-04-23 19:05:30.458892
530,2023-04-13,2024-04-05,2026-04-23 19:05:30.458892
531,2022-02-21,2023-04-06,2026-04-23 19:05:30.458892
532,2022-08-17,2023-02-14,2026-04-23 19:05:30.458892
533,2022-12-22,2023-10-18,2026-04-23 19:05:30.458892
534,2022-03-09,,2026-04-23 19:05:30.458892
535,2022-07-17,2023-10-30,2026-04-23 19:05:30.458892
536,2023-05-09,2023-09-16,2026-04-23 19:05:30.458892
537,2022-03-08,2023-09-03,2026-04-23 19:05:30.458892
538,2022-01-03,2023-08-28,2026-04-23 19:05:30.458892
539,2022-02-27,2024-02-17,2026-04-23 19:05:30.458892
540,2023-01-11,2023-05-08,2026-04-23 19:05:30.458892
541,2023-03-27,2023-07-21,2026-04-23 19:05:30.458892
542,2022-09-13,2023-10-03,2026-04-23 19:05:30.458892
543,2022-12-22,,2026-04-23 19:05:30.458892
544,2023-03-14,2023-07-26,2026-04-23 19:05:30.458892
545,2022-09-22,2023-02-09,2026-04-23 19:05:30.458892
546,2023-03-14,,2026-04-23 19:05:30.458892
547,2023-04-09,,2026-04-23 19:05:30.458892
548,2023-03-11,2023-12-12,2026-04-23 19:05:30.458892
549,2022-01-16,,2026-04-23 19:05:30.458892
550,2022-09-25,2023-02-25,2026-04-23 19:05:30.458892
551,2022-04-12,,2026-04-23 19:05:30.458892
552,2023-02-08,2023-11-18,2026-04-23 19:05:30.458892
553,2023-03-13,,2026-04-23 19:05:30.458892
554,2022-10-14,,2026-04-23 19:05:30.458892
555,2022-08-10,,2026-04-23 19:05:30.458892
556,2022-01-21,,2026-04-23 19:05:30.458892
557,2023-01-22,2023-07-31,2026-04-23 19:05:30.458892
558,2022-01-21,2023-03-28,2026-04-23 19:05:30.458892
559,2022-04-02,2023-11-03,2026-04-23 19:05:30.458892
560,2022-10-11,2023-09-25,2026-04-23 19:05:30.458892
561,2022-05-13,,2026-04-23 19:05:30.458892
562,2022-11-23,2024-01-29,2026-04-23 19:05:30.458892
563,2023-03-29,2023-03-24,2026-04-23 19:05:30.458892
564,2022-11-25,2024-05-14,2026-04-23 19:05:30.458892
565,2022-06-24,2024-04-02,2026-04-23 19:05:30.458892
566,2022-08-01,2023-07-30,2026-04-23 19:05:30.458892
567,2022-05-28,2023-12-12,2026-04-23 19:05:30.458892
568,2023-02-26,2024-04-16,2026-04-23 19:05:30.458892
569,2022-08-20,,2026-04-23 19:05:30.458892
570,2023-01-07,2024-02-17,2026-04-23 19:05:30.458892
571,2022-06-14,2023-06-06,2026-04-23 19:05:30.458892
572,2022-11-10,2024-04-29,2026-04-23 19:05:30.458892
573,2022-05-25,2023-12-14,2026-04-23 19:05:30.458892
574,2022-10-25,2023-07-08,2026-04-23 19:05:30.458892
575,2023-04-21,2024-01-16,2026-04-23 19:05:30.458892
576,2022-08-11,,2026-04-23 19:05:30.458892
577,2022-12-19,2023-05-11,2026-04-23 19:05:30.458892
578,2023-02-20,2023-08-03,2026-04-23 19:05:30.458892
579,2022-03-03,2023-04-25,2026-04-23 19:05:30.458892
580,2022-04-06,2023-05-03,2026-04-23 19:05:30.458892
581,2022-04-22,2024-01-23,2026-04-23 19:05:30.458892
582,2023-01-11,2024-03-14,2026-04-23 19:05:30.458892
583,2022-03-28,2024-02-02,2026-04-23 19:05:30.458892
584,2023-02-09,2023-12-24,2026-04-23 19:05:30.458892
585,2023-04-18,,2026-04-23 19:05:30.458892
586,2023-02-21,2024-02-16,2026-04-23 19:05:30.458892
587,2022-09-12,2023-11-15,2026-04-23 19:05:30.458892
588,2023-03-27,2024-02-27,2026-04-23 19:05:30.458892
589,2023-01-25,,2026-04-23 19:05:30.458892
590,2022-04-23,2023-07-11,2026-04-23 19:05:30.458892
591,2022-09-11,2024-03-19,2026-04-23 19:05:30.458892
592,2022-12-14,2023-05-28,2026-04-23 19:05:30.458892
593,2022-11-18,2023-01-28,2026-04-23 19:05:30.458892
594,2022-02-01,2023-05-04,2026-04-23 19:05:30.458892
595,2022-03-05,2024-04-24,2026-04-23 19:05:30.458892
596,2022-06-03,,2026-04-23 19:05:30.458892
597,2023-03-22,2023-03-18,2026-04-23 19:05:30.458892
598,2022-01-05,,2026-04-23 19:05:30.458892
599,2023-01-30,2023-12-24,2026-04-23 19:05:30.458892
600,2023-01-19,2023-07-05,2026-04-23 19:05:30.458892
601,2022-11-26,2023-02-08,2026-04-23 19:05:30.458892
602,2023-04-08,2023-08-22,2026-04-23 19:05:30.458892
603,2022-07-29,2023-09-05,2026-04-23 19:05:30.458892
604,2023-03-09,2024-03-17,2026-04-23 19:05:30.458892
605,2023-04-07,2024-02-03,2026-04-23 19:05:30.458892
606,2022-04-02,,2026-04-23 19:05:30.458892
607,2022-08-10,,2026-04-23 19:05:30.458892
608,2022-07-09,2023-01-05,2026-04-23 19:05:30.458892
609,2022-03-01,,2026-04-23 19:05:30.458892
610,2022-07-24,2024-03-01,2026-04-23 19:05:30.458892
611,2022-07-31,,2026-04-23 19:05:30.458892
612,2022-09-15,,2026-04-23 19:05:30.458892
613,2022-03-30,,2026-04-23 19:05:30.458892
614,2022-08-24,2024-05-12,2026-04-23 19:05:30.458892
615,2023-03-19,2024-02-23,2026-04-23 19:05:30.458892
616,2022-12-29,,2026-04-23 19:05:30.458892
617,2023-01-06,2023-12-16,2026-04-23 19:05:30.458892
618,2022-11-28,2024-02-12,2026-04-23 19:05:30.458892
619,2023-02-13,2024-02-19,2026-04-23 19:05:30.458892
620,2022-07-15,2023-03-19,2026-04-23 19:05:30.458892
621,2023-03-02,2023-12-02,2026-04-23 19:05:30.458892
622,2022-11-28,2023-04-25,2026-04-23 19:05:30.458892
623,2023-03-31,2023-01-04,2026-04-23 19:05:30.458892
624,2022-07-02,2023-05-11,2026-04-23 19:05:30.458892
625,2023-02-26,2023-08-15,2026-04-23 19:05:30.458892
626,2023-05-03,2023-05-08,2026-04-23 19:05:30.458892
627,2022-09-08,2023-01-09,2026-04-23 19:05:30.458892
628,2022-08-12,2023-11-20,2026-04-23 19:05:30.458892
629,2022-06-20,,2026-04-23 19:05:30.458892
630,2022-07-17,2024-04-11,2026-04-23 19:05:30.458892
631,2022-09-06,2023-12-10,2026-04-23 19:05:30.458892
632,2022-06-30,2023-07-07,2026-04-23 19:05:30.458892
633,2023-04-20,2023-05-19,2026-04-23 19:05:30.458892
634,2023-04-28,2024-04-07,2026-04-23 19:05:30.458892
635,2023-01-19,2024-02-24,2026-04-23 19:05:30.458892
636,2022-10-04,2023-05-05,2026-04-23 19:05:30.458892
637,2023-02-08,2023-08-11,2026-04-23 19:05:30.458892
638,2022-10-02,2023-11-24,2026-04-23 19:05:30.458892
639,2022-06-10,,2026-04-23 19:05:30.458892
640,2022-09-05,,2026-04-23 19:05:30.458892
641,2022-11-15,,2026-04-23 19:05:30.458892
642,2023-03-28,2023-03-08,2026-04-23 19:05:30.458892
643,2022-07-07,2023-03-26,2026-04-23 19:05:30.458892
644,2022-01-19,2024-01-06,2026-04-23 19:05:30.458892
645,2022-09-01,2023-03-03,2026-04-23 19:05:30.458892
646,2022-04-23,2024-04-04,2026-04-23 19:05:30.458892
647,2023-02-16,,2026-04-23 19:05:30.458892
648,2022-10-05,2023-05-02,2026-04-23 19:05:30.458892
649,2022-02-20,2023-10-06,2026-04-23 19:05:30.458892
650,2022-12-10,2023-05-03,2026-04-23 19:05:30.458892
651,2022-05-03,2023-03-18,2026-04-23 19:05:30.458892
652,2022-08-26,,2026-04-23 19:05:30.458892
653,2022-11-15,,2026-04-23 19:05:30.458892
654,2022-03-03,2023-05-26,2026-04-23 19:05:30.458892
655,2023-04-23,2023-09-26,2026-04-23 19:05:30.458892
656,2023-02-17,2024-01-16,2026-04-23 19:05:30.458892
657,2022-03-15,2023-02-25,2026-04-23 19:05:30.458892
658,2022-09-02,,2026-04-23 19:05:30.458892
659,2022-02-01,2023-06-22,2026-04-23 19:05:30.458892
660,2023-04-02,2023-02-09,2026-04-23 19:05:30.458892
661,2022-06-02,2023-12-25,2026-04-23 19:05:30.458892
662,2022-05-24,,2026-04-23 19:05:30.458892
663,2022-01-15,2023-12-26,2026-04-23 19:05:30.458892
664,2023-03-19,2024-04-09,2026-04-23 19:05:30.458892
665,2022-10-31,2023-02-01,2026-04-23 19:05:30.458892
666,2022-10-01,2023-09-05,2026-04-23 19:05:30.458892
667,2022-09-02,2023-05-09,2026-04-23 19:05:30.458892
668,2022-10-06,2023-10-18,2026-04-23 19:05:30.458892
669,2022-02-24,,2026-04-23 19:05:30.458892
670,2022-02-11,2024-04-11,2026-04-23 19:05:30.458892
671,2023-01-22,2023-12-14,2026-04-23 19:05:30.458892
672,2023-03-31,2023-03-07,2026-04-23 19:05:30.458892
673,2022-12-25,,2026-04-23 19:05:30.458892
674,2022-02-21,2024-03-02,2026-04-23 19:05:30.458892
675,2022-01-11,2023-06-06,2026-04-23 19:05:30.458892
676,2022-11-07,,2026-04-23 19:05:30.458892
677,2022-03-29,,2026-04-23 19:05:30.458892
678,2022-08-15,2023-05-01,2026-04-23 19:05:30.458892
679,2022-04-24,,2026-04-23 19:05:30.458892
680,2022-01-25,,2026-04-23 19:05:30.458892
681,2022-04-02,2023-12-20,2026-04-23 19:05:30.458892
682,2023-04-05,2023-01-31,2026-04-23 19:05:30.458892
683,2022-03-28,2023-12-23,2026-04-23 19:05:30.458892
684,2022-03-22,2023-01-19,2026-04-23 19:05:30.458892
685,2022-09-07,2024-04-24,2026-04-23 19:05:30.458892
686,2022-09-07,2023-10-12,2026-04-23 19:05:30.458892
687,2023-03-01,2023-03-14,2026-04-23 19:05:30.458892
688,2023-02-25,2024-01-26,2026-04-23 19:05:30.458892
689,2022-07-29,2024-03-17,2026-04-23 19:05:30.458892
690,2023-03-15,2023-03-17,2026-04-23 19:05:30.458892
691,2022-01-09,,2026-04-23 19:05:30.458892
692,2023-05-08,2023-06-28,2026-04-23 19:05:30.458892
693,2022-04-09,2024-04-23,2026-04-23 19:05:30.458892
694,2022-02-05,2023-12-04,2026-04-23 19:05:30.458892
695,2022-02-26,2024-04-20,2026-04-23 19:05:30.458892
696,2022-03-04,2023-11-02,2026-04-23 19:05:30.458892
697,2022-12-04,2024-02-09,2026-04-23 19:05:30.458892
698,2022-10-03,2023-05-17,2026-04-23 19:05:30.458892
699,2022-08-01,2023-06-11,2026-04-23 19:05:30.458892
700,2022-10-30,2023-10-17,2026-04-23 19:05:30.458892
701,2022-01-20,2023-02-16,2026-04-23 19:05:30.458892
702,2022-09-04,,2026-04-23 19:05:30.458892
703,2022-01-06,,2026-04-23 19:05:30.458892
704,2022-03-14,,2026-04-23 19:05:30.458892
705,2022-04-17,2023-06-23,2026-04-23 19:05:30.458892
706,2022-04-03,2023-11-03,2026-04-23 19:05:30.458892
707,2022-10-12,2024-01-02,2026-04-23 19:05:30.458892
708,2023-04-06,,2026-04-23 19:05:30.458892
709,2022-12-22,2023-09-19,2026-04-23 19:05:30.458892
710,2022-08-07,2023-08-18,2026-04-23 19:05:30.458892
711,2023-01-02,,2026-04-23 19:05:30.458892
712,2023-01-12,,2026-04-23 19:05:30.458892
713,2022-02-18,,2026-04-23 19:05:30.458892
714,2022-12-30,,2026-04-23 19:05:30.458892
715,2023-01-25,2024-03-11,2026-04-23 19:05:30.458892
716,2022-10-22,2023-03-01,2026-04-23 19:05:30.458892
717,2022-10-15,2024-02-29,2026-04-23 19:05:30.458892
718,2022-06-26,2023-01-11,2026-04-23 19:05:30.458892
719,2022-10-26,2023-09-17,2026-04-23 19:05:30.458892
720,2022-04-18,2023-09-27,2026-04-23 19:05:30.458892
721,2022-10-11,2023-05-21,2026-04-23 19:05:30.458892
722,2022-10-28,2023-05-23,2026-04-23 19:05:30.458892
723,2022-03-06,2023-04-23,2026-04-23 19:05:30.458892
724,2022-11-02,2023-09-21,2026-04-23 19:05:30.458892
725,2022-02-23,,2026-04-23 19:05:30.458892
726,2022-11-03,2023-12-10,2026-04-23 19:05:30.458892
727,2022-10-26,2023-01-11,2026-04-23 19:05:30.458892
728,2022-11-16,,2026-04-23 19:05:30.458892
729,2023-04-24,2023-04-09,2026-04-23 19:05:30.458892
730,2022-01-30,2024-04-17,2026-04-23 19:05:30.458892
731,2022-09-03,2023-01-23,2026-04-23 19:05:30.458892
732,2022-07-29,,2026-04-23 19:05:30.458892
733,2022-08-09,2023-04-19,2026-04-23 19:05:30.458892
734,2022-06-19,2023-09-20,2026-04-23 19:05:30.458892
735,2023-02-26,2023-11-21,2026-04-23 19:05:30.458892
736,2022-12-09,2023-06-09,2026-04-23 19:05:30.458892
737,2022-08-02,2023-08-08,2026-04-23 19:05:30.458892
738,2022-11-18,2023-06-21,2026-04-23 19:05:30.458892
739,2022-03-10,2024-01-22,2026-04-23 19:05:30.458892
740,2022-08-22,2023-04-04,2026-04-23 19:05:30.458892
741,2022-01-15,2023-05-02,2026-04-23 19:05:30.458892
742,2023-03-21,2023-10-27,2026-04-23 19:05:30.458892
743,2023-04-25,,2026-04-23 19:05:30.458892
744,2023-01-01,2023-02-20,2026-04-23 19:05:30.458892
745,2022-05-14,2023-11-13,2026-04-23 19:05:30.458892
746,2022-07-25,2023-11-03,2026-04-23 19:05:30.458892
747,2022-01-24,2024-02-21,2026-04-23 19:05:30.458892
748,2023-01-12,2023-01-20,2026-04-23 19:05:30.458892
749,2022-03-26,,2026-04-23 19:05:30.458892
750,2022-05-22,2024-01-12,2026-04-23 19:05:30.458892
751,2022-05-20,2023-10-27,2026-04-23 19:05:30.458892
752,2023-03-15,2024-04-14,2026-04-23 19:05:30.458892
753,2022-11-20,2023-03-27,2026-04-23 19:05:30.458892
754,2022-05-02,2023-08-18,2026-04-23 19:05:30.458892
755,2022-10-27,,2026-04-23 19:05:30.458892
756,2022-12-07,2024-02-09,2026-04-23 19:05:30.458892
757,2023-04-10,,2026-04-23 19:05:30.458892
758,2023-04-22,2023-06-30,2026-04-23 19:05:30.458892
759,2022-06-28,,2026-04-23 19:05:30.458892
760,2022-07-27,,2026-04-23 19:05:30.458892
761,2023-04-11,2023-01-10,2026-04-23 19:05:30.458892
762,2022-06-15,2023-10-18,2026-04-23 19:05:30.458892
763,2022-02-10,2024-02-14,2026-04-23 19:05:30.458892
764,2022-05-02,,2026-04-23 19:05:30.458892
765,2023-05-14,2024-01-05,2026-04-23 19:05:30.458892
766,2022-02-13,2024-03-03,2026-04-23 19:05:30.458892
767,2022-03-16,2023-08-26,2026-04-23 19:05:30.458892
768,2023-04-25,2023-05-12,2026-04-23 19:05:30.458892
769,2022-12-14,2023-11-26,2026-04-23 19:05:30.458892
770,2022-09-29,2023-07-04,2026-04-23 19:05:30.458892
771,2023-04-27,2023-10-22,2026-04-23 19:05:30.458892
772,2023-03-10,2023-07-27,2026-04-23 19:05:30.458892
773,2023-04-23,2023-09-07,2026-04-23 19:05:30.458892
774,2022-06-15,2024-02-29,2026-04-23 19:05:30.458892
775,2022-09-07,2023-12-16,2026-04-23 19:05:30.458892
776,2022-03-27,2023-11-19,2026-04-23 19:05:30.458892
777,2023-01-24,2024-04-26,2026-04-23 19:05:30.458892
778,2022-05-17,2023-03-30,2026-04-23 19:05:30.458892
779,2022-11-29,2023-12-24,2026-04-23 19:05:30.458892
780,2022-02-08,2023-12-28,2026-04-23 19:05:30.458892
781,2022-03-28,2023-02-05,2026-04-23 19:05:30.458892
782,2022-06-04,2023-01-04,2026-04-23 19:05:30.458892
783,2022-06-09,2023-08-22,2026-04-23 19:05:30.458892
784,2022-03-05,2023-11-26,2026-04-23 19:05:30.458892
785,2022-08-11,2023-09-26,2026-04-23 19:05:30.458892
786,2023-02-21,2023-03-11,2026-04-23 19:05:30.458892
787,2022-12-28,,2026-04-23 19:05:30.458892
788,2022-12-12,2023-06-05,2026-04-23 19:05:30.458892
789,2022-05-26,2024-03-18,2026-04-23 19:05:30.458892
790,2022-07-23,2024-01-13,2026-04-23 19:05:30.458892
791,2022-03-08,2023-10-20,2026-04-23 19:05:30.458892
792,2022-01-05,2024-02-03,2026-04-23 19:05:30.458892
793,2023-04-07,2023-10-13,2026-04-23 19:05:30.458892
794,2022-02-28,,2026-04-23 19:05:30.458892
795,2023-05-10,,2026-04-23 19:05:30.458892
796,2022-03-17,2023-01-12,2026-04-23 19:05:30.458892
797,2022-09-17,,2026-04-23 19:05:30.458892
798,2022-09-05,2023-04-22,2026-04-23 19:05:30.458892
799,2022-01-16,2023-01-30,2026-04-23 19:05:30.458892
800,2022-03-16,,2026-04-23 19:05:30.458892
801,2022-12-22,2023-02-05,2026-04-23 19:05:30.458892
802,2023-05-01,2024-05-02,2026-04-23 19:05:30.458892
803,2023-01-12,,2026-04-23 19:05:30.458892
804,2022-06-25,,2026-04-23 19:05:30.458892
805,2022-11-18,2023-08-18,2026-04-23 19:05:30.458892
806,2023-04-06,2023-10-04,2026-04-23 19:05:30.458892
807,2022-05-16,,2026-04-23 19:05:30.458892
808,2023-03-04,2023-10-15,2026-04-23 19:05:30.458892
809,2022-10-04,2023-09-07,2026-04-23 19:05:30.458892
810,2022-10-09,2023-03-04,2026-04-23 19:05:30.458892
811,2023-05-01,2024-04-10,2026-04-23 19:05:30.458892
812,2023-02-23,2024-02-01,2026-04-23 19:05:30.458892
813,2023-02-03,,2026-04-23 19:05:30.458892
814,2022-06-17,2023-02-13,2026-04-23 19:05:30.458892
815,2022-01-30,,2026-04-23 19:05:30.458892
816,2022-11-18,2024-02-06,2026-04-23 19:05:30.458892
817,2022-12-02,,2026-04-23 19:05:30.458892
818,2022-09-26,2023-02-15,2026-04-23 19:05:30.458892
819,2022-01-01,2023-06-24,2026-04-23 19:05:30.458892
820,2022-06-20,2023-06-03,2026-04-23 19:05:30.458892
821,2023-02-16,2023-09-18,2026-04-23 19:05:30.458892
822,2022-05-09,,2026-04-23 19:05:30.458892
823,2022-06-17,2023-10-14,2026-04-23 19:05:30.458892
824,2023-02-22,2023-06-05,2026-04-23 19:05:30.458892
825,2023-02-01,2024-05-11,2026-04-23 19:05:30.458892
826,2022-03-02,2023-11-29,2026-04-23 19:05:30.458892
827,2022-04-27,2023-08-29,2026-04-23 19:05:30.458892
828,2022-11-18,,2026-04-23 19:05:30.458892
829,2022-05-03,2023-05-07,2026-04-23 19:05:30.458892
830,2022-09-17,2023-07-12,2026-04-23 19:05:30.458892
831,2023-04-18,,2026-04-23 19:05:30.458892
832,2022-08-14,,2026-04-23 19:05:30.458892
833,2023-02-01,2023-05-02,2026-04-23 19:05:30.458892
834,2022-10-19,2023-05-26,2026-04-23 19:05:30.458892
835,2022-12-18,2023-06-01,2026-04-23 19:05:30.458892
836,2023-03-21,2023-06-06,2026-04-23 19:05:30.458892
837,2022-07-05,,2026-04-23 19:05:30.458892
838,2022-03-26,,2026-04-23 19:05:30.458892
839,2022-08-06,2024-03-04,2026-04-23 19:05:30.458892
840,2022-05-23,2024-01-08,2026-04-23 19:05:30.458892
841,2023-04-22,2024-04-14,2026-04-23 19:05:30.458892
842,2022-03-31,2023-12-06,2026-04-23 19:05:30.458892
843,2022-12-07,2023-09-09,2026-04-23 19:05:30.458892
844,2022-09-25,2023-09-24,2026-04-23 19:05:30.458892
845,2022-03-17,2023-11-03,2026-04-23 19:05:30.458892
846,2022-03-10,,2026-04-23 19:05:30.458892
847,2023-03-21,,2026-04-23 19:05:30.458892
848,2022-10-25,2023-04-15,2026-04-23 19:05:30.458892
849,2023-04-19,2023-09-26,2026-04-23 19:05:30.458892
850,2022-06-09,2023-02-16,2026-04-23 19:05:30.458892
851,2023-01-21,2023-03-29,2026-04-23 19:05:30.458892
852,2022-01-08,,2026-04-23 19:05:30.458892
853,2022-08-07,2023-06-01,2026-04-23 19:05:30.458892
854,2023-04-30,2023-06-25,2026-04-23 19:05:30.458892
855,2022-11-06,2023-11-15,2026-04-23 19:05:30.458892
856,2023-01-27,2023-05-25,2026-04-23 19:05:30.458892
857,2022-03-29,2023-11-21,2026-04-23 19:05:30.458892
858,2022-05-21,2023-11-06,2026-04-23 19:05:30.458892
859,2022-01-29,2023-08-10,2026-04-23 19:05:30.458892
860,2022-01-13,2024-02-02,2026-04-23 19:05:30.458892
861,2022-11-10,2023-01-15,2026-04-23 19:05:30.458892
862,2022-03-04,2024-04-01,2026-04-23 19:05:30.458892
863,2022-12-09,2024-04-06,2026-04-23 19:05:30.458892
864,2022-06-24,2023-05-18,2026-04-23 19:05:30.458892
865,2023-04-08,2023-09-07,2026-04-23 19:05:30.458892
866,2022-08-04,2023-05-30,2026-04-23 19:05:30.458892
867,2022-08-23,,2026-04-23 19:05:30.458892
868,2022-03-28,,2026-04-23 19:05:30.458892
869,2022-03-15,2023-03-22,2026-04-23 19:05:30.458892
870,2022-10-21,2023-03-06,2026-04-23 19:05:30.458892
871,2022-03-10,2023-05-22,2026-04-23 19:05:30.458892
872,2022-03-10,,2026-04-23 19:05:30.458892
873,2022-08-11,2024-02-27,2026-04-23 19:05:30.458892
874,2023-02-28,2024-02-23,2026-04-23 19:05:30.458892
875,2023-01-20,,2026-04-23 19:05:30.458892
876,2023-01-21,2024-01-08,2026-04-23 19:05:30.458892
877,2023-01-04,2023-07-12,2026-04-23 19:05:30.458892
878,2022-10-12,2023-10-10,2026-04-23 19:05:30.458892
879,2022-05-02,2023-09-11,2026-04-23 19:05:30.458892
880,2022-09-20,2023-06-22,2026-04-23 19:05:30.458892
881,2022-08-09,2023-11-09,2026-04-23 19:05:30.458892
882,2023-03-17,2023-10-05,2026-04-23 19:05:30.458892
883,2022-11-07,2023-10-17,2026-04-23 19:05:30.458892
884,2023-04-02,2024-01-28,2026-04-23 19:05:30.458892
885,2022-06-13,2023-11-02,2026-04-23 19:05:30.458892
886,2022-09-20,2023-11-06,2026-04-23 19:05:30.458892
887,2022-04-02,2023-07-05,2026-04-23 19:05:30.458892
888,2022-09-23,2023-12-22,2026-04-23 19:05:30.458892
889,2022-12-02,2024-05-10,2026-04-23 19:05:30.458892
890,2022-03-15,2023-08-12,2026-04-23 19:05:30.458892
891,2023-02-27,,2026-04-23 19:05:30.458892
892,2022-11-10,2024-02-26,2026-04-23 19:05:30.458892
893,2022-03-31,2023-03-25,2026-04-23 19:05:30.458892
894,2022-12-20,2023-01-27,2026-04-23 19:05:30.458892
895,2023-04-27,2024-01-16,2026-04-23 19:05:30.458892
896,2022-10-23,2023-11-16,2026-04-23 19:05:30.458892
897,2023-02-02,2023-05-11,2026-04-23 19:05:30.458892
898,2023-04-11,2023-05-07,2026-04-23 19:05:30.458892
899,2022-05-09,2023-01-11,2026-04-23 19:05:30.458892
900,2023-02-05,2023-10-07,2026-04-23 19:05:30.458892
901,2022-02-18,2023-10-12,2026-04-23 19:05:30.458892
902,2022-03-27,,2026-04-23 19:05:30.458892
903,2023-04-30,2023-08-13,2026-04-23 19:05:30.458892
904,2022-05-24,,2026-04-23 19:05:30.458892
905,2022-05-15,,2026-04-23 19:05:30.458892
906,2023-02-03,,2026-04-23 19:05:30.458892
907,2022-04-25,,2026-04-23 19:05:30.458892
908,2022-10-04,2023-04-09,2026-04-23 19:05:30.458892
909,2022-03-07,2023-08-10,2026-04-23 19:05:30.458892
910,2022-07-06,2024-03-28,2026-04-23 19:05:30.458892
911,2023-03-08,2023-05-04,2026-04-23 19:05:30.458892
912,2022-12-11,,2026-04-23 19:05:30.458892
913,2022-07-20,2024-02-28,2026-04-23 19:05:30.458892
914,2023-04-13,2023-04-12,2026-04-23 19:05:30.458892
915,2023-03-10,2024-03-26,2026-04-23 19:05:30.458892
916,2022-05-18,2024-02-04,2026-04-23 19:05:30.458892
917,2022-02-21,2023-11-16,2026-04-23 19:05:30.458892
918,2022-08-01,2023-09-21,2026-04-23 19:05:30.458892
919,2023-03-28,2023-12-31,2026-04-23 19:05:30.458892
920,2022-06-07,2024-01-24,2026-04-23 19:05:30.458892
921,2022-10-17,2023-08-18,2026-04-23 19:05:30.458892
922,2022-12-16,,2026-04-23 19:05:30.458892
923,2022-07-25,2023-08-15,2026-04-23 19:05:30.458892
924,2022-12-08,2024-03-31,2026-04-23 19:05:30.458892
925,2022-11-17,2023-08-16,2026-04-23 19:05:30.458892
926,2022-11-12,2023-06-02,2026-04-23 19:05:30.458892
927,2022-05-16,,2026-04-23 19:05:30.458892
928,2022-03-16,2023-11-01,2026-04-23 19:05:30.458892
929,2023-03-25,2023-11-24,2026-04-23 19:05:30.458892
930,2022-03-10,2023-05-29,2026-04-23 19:05:30.458892
931,2023-03-17,2023-11-03,2026-04-23 19:05:30.458892
932,2022-10-28,,2026-04-23 19:05:30.458892
933,2022-02-18,,2026-04-23 19:05:30.458892
934,2022-07-21,2023-11-16,2026-04-23 19:05:30.458892
935,2022-03-03,2023-08-12,2026-04-23 19:05:30.458892
936,2022-06-16,2024-05-06,2026-04-23 19:05:30.458892
937,2022-07-24,2024-04-05,2026-04-23 19:05:30.458892
938,2022-05-29,2023-01-23,2026-04-23 19:05:30.458892
939,2023-04-29,2024-03-19,2026-04-23 19:05:30.458892
940,2022-05-01,2024-03-18,2026-04-23 19:05:30.458892
941,2022-11-05,,2026-04-23 19:05:30.458892
942,2023-03-05,2023-07-11,2026-04-23 19:05:30.458892
943,2022-04-07,2023-08-15,2026-04-23 19:05:30.458892
944,2023-01-12,2023-02-23,2026-04-23 19:05:30.458892
945,2023-05-06,,2026-04-23 19:05:30.458892
946,2023-02-16,2023-01-15,2026-04-23 19:05:30.458892
947,2022-02-22,2023-11-04,2026-04-23 19:05:30.458892
948,2022-01-09,2024-04-21,2026-04-23 19:05:30.458892
949,2023-05-08,2023-06-28,2026-04-23 19:05:30.458892
950,2022-11-27,2023-01-04,2026-04-23 19:05:30.458892
951,2022-09-08,2024-02-22,2026-04-23 19:05:30.458892
952,2022-12-26,,2026-04-23 19:05:30.458892
953,2022-12-15,,2026-04-23 19:05:30.458892
954,2022-05-04,2024-02-09,2026-04-23 19:05:30.458892
955,2022-05-02,2023-05-10,2026-04-23 19:05:30.458892
956,2022-07-18,2023-01-07,2026-04-23 19:05:30.458892
957,2022-11-13,2023-07-03,2026-04-23 19:05:30.458892
958,2023-02-15,,2026-04-23 19:05:30.458892
959,2023-01-15,,2026-04-23 19:05:30.458892
960,2023-02-10,2024-03-27,2026-04-23 19:05:30.458892
961,2022-04-05,,2026-04-23 19:05:30.458892
962,2022-01-30,2023-08-20,2026-04-23 19:05:30.458892
963,2022-04-02,2023-06-03,2026-04-23 19:05:30.458892
964,2022-03-25,2024-02-06,2026-04-23 19:05:30.458892
965,2022-01-15,2023-03-05,2026-04-23 19:05:30.458892
966,2022-05-23,2023-09-04,2026-04-23 19:05:30.458892
967,2022-11-05,2024-01-13,2026-04-23 19:05:30.458892
968,2023-04-05,2023-02-25,2026-04-23 19:05:30.458892
969,2022-07-28,2023-08-17,2026-04-23 19:05:30.458892
970,2022-01-23,2024-04-08,2026-04-23 19:05:30.458892
971,2022-11-22,,2026-04-23 19:05:30.458892
972,2022-12-31,2024-01-31,2026-04-23 19:05:30.458892
973,2022-05-24,2024-05-03,2026-04-23 19:05:30.458892
974,2023-04-20,2023-09-10,2026-04-23 19:05:30.458892
975,2022-03-28,,2026-04-23 19:05:30.458892
976,2022-07-12,,2026-04-23 19:05:30.458892
977,2022-06-22,2023-02-21,2026-04-23 19:05:30.458892
978,2022-09-20,2024-02-07,2026-04-23 19:05:30.458892
979,2023-03-05,,2026-04-23 19:05:30.458892
980,2022-10-22,,2026-04-23 19:05:30.458892
981,2022-12-26,2023-12-08,2026-04-23 19:05:30.458892
982,2022-02-19,2023-12-06,2026-04-23 19:05:30.458892
983,2023-03-09,2023-12-29,2026-04-23 19:05:30.458892
984,2022-02-17,,2026-04-23 19:05:30.458892
985,2022-02-18,2023-03-18,2026-04-23 19:05:30.458892
986,2022-06-17,2023-08-03,2026-04-23 19:05:30.458892
987,2022-06-16,,2026-04-23 19:05:30.458892
988,2023-03-17,,2026-04-23 19:05:30.458892
989,2022-03-23,2023-02-14,2026-04-23 19:05:30.458892
990,2022-03-04,2023-12-18,2026-04-23 19:05:30.458892
991,2022-08-16,,2026-04-23 19:05:30.458892
992,2023-03-16,2023-03-22,2026-04-23 19:05:30.458892
993,2022-08-02,2024-04-21,2026-04-23 19:05:30.458892
994,2022-05-10,2023-02-22,2026-04-23 19:05:30.458892
995,2023-01-03,2023-06-06,2026-04-23 19:05:30.458892
996,2022-06-03,,2026-04-23 19:05:30.458892
997,2022-08-30,2024-04-14,2026-04-23 19:05:30.458892
998,2022-04-06,2024-01-04,2026-04-23 19:05:30.458892
999,2023-02-11,2023-05-27,2026-04-23 19:05:30.458892
1000,2023-01-12,2023-07-01,2026-04-23 19:05:30.458892
1001,2022-08-20,2023-03-19,2026-04-23 19:05:30.458892
1002,2022-08-26,2024-01-18,2026-04-23 19:05:30.458892
1003,2022-01-18,2023-04-29,2026-04-23 19:05:30.458892
1004,2023-04-12,2023-12-25,2026-04-23 19:05:30.458892
1005,2022-12-10,2023-12-09,2026-04-23 19:05:30.458892
1006,2022-11-20,2023-04-15,2026-04-23 19:05:30.458892
1007,2022-09-03,2023-01-02,2026-04-23 19:05:30.458892
1008,2022-03-01,,2026-04-23 19:05:30.458892
1009,2023-05-09,2023-02-01,2026-04-23 19:05:30.458892
1010,2022-05-10,2023-12-24,2026-04-23 19:05:30.458892
1011,2022-12-16,2023-03-03,2026-04-23 19:05:30.458892
1012,2022-02-18,,2026-04-23 19:05:30.458892
1013,2022-06-15,2024-01-13,2026-04-23 19:05:30.458892
1014,2023-02-19,2023-05-15,2026-04-23 19:05:30.458892
1015,2022-06-17,2024-05-10,2026-04-23 19:05:30.458892
1016,2022-09-10,2023-04-08,2026-04-23 19:05:30.458892
1017,2022-12-02,2024-03-27,2026-04-23 19:05:30.458892
1018,2023-01-18,2023-08-03,2026-04-23 19:05:30.458892
1019,2022-11-05,2023-03-25,2026-04-23 19:05:30.458892
1020,2022-03-05,2024-02-10,2026-04-23 19:05:30.458892
1021,2022-02-02,2024-05-08,2026-04-23 19:05:30.458892
1022,2022-02-27,2023-06-06,2026-04-23 19:05:30.458892
1023,2022-11-02,2023-04-17,2026-04-23 19:05:30.458892
1024,2022-03-05,2024-05-03,2026-04-23 19:05:30.458892
1025,2023-01-22,,2026-04-23 19:05:30.458892
1026,2022-05-05,2023-05-11,2026-04-23 19:05:30.458892
1027,2022-03-02,2023-01-22,2026-04-23 19:05:30.458892
1028,2023-01-15,2023-03-25,2026-04-23 19:05:30.458892
1029,2023-04-11,2023-03-30,2026-04-23 19:05:30.458892
1030,2022-09-06,2023-08-14,2026-04-23 19:05:30.458892
1031,2022-05-18,2023-04-16,2026-04-23 19:05:30.458892
1032,2022-03-07,2024-03-12,2026-04-23 19:05:30.458892
1033,2022-06-28,2023-12-15,2026-04-23 19:05:30.458892
1034,2023-04-23,2024-03-16,2026-04-23 19:05:30.458892
1035,2022-10-13,2024-01-29,2026-04-23 19:05:30.458892
1036,2022-10-08,2023-12-25,2026-04-23 19:05:30.458892
1037,2022-06-20,2024-05-09,2026-04-23 19:05:30.458892
1038,2022-08-31,2023-04-11,2026-04-23 19:05:30.458892
1039,2022-04-30,2023-10-23,2026-04-23 19:05:30.458892
1040,2022-12-10,2024-01-05,2026-04-23 19:05:30.458892
1041,2022-07-11,2023-05-28,2026-04-23 19:05:30.458892
1042,2022-07-06,2024-01-16,2026-04-23 19:05:30.458892
1043,2023-03-22,2023-08-18,2026-04-23 19:05:30.458892
1044,2022-08-15,,2026-04-23 19:05:30.458892
1045,2022-09-23,2023-01-11,2026-04-23 19:05:30.458892
1046,2022-07-11,2023-05-16,2026-04-23 19:05:30.458892
1047,2022-08-28,,2026-04-23 19:05:30.458892
1048,2022-04-04,2023-10-19,2026-04-23 19:05:30.458892
1049,2022-05-06,2023-06-02,2026-04-23 19:05:30.458892
1050,2023-03-20,2024-02-27,2026-04-23 19:05:30.458892
1051,2023-04-19,2023-12-20,2026-04-23 19:05:30.458892
1052,2022-04-09,2024-01-02,2026-04-23 19:05:30.458892
1053,2022-12-10,,2026-04-23 19:05:30.458892
1054,2022-08-31,,2026-04-23 19:05:30.458892
1055,2022-01-20,,2026-04-23 19:05:30.458892
1056,2022-04-27,2024-04-15,2026-04-23 19:05:30.458892
1057,2022-12-25,,2026-04-23 19:05:30.458892
1058,2023-03-09,2024-02-07,2026-04-23 19:05:30.458892
1059,2023-05-03,2024-02-13,2026-04-23 19:05:30.458892
1060,2022-04-09,2023-03-28,2026-04-23 19:05:30.458892
1061,2023-05-02,2023-07-30,2026-04-23 19:05:30.458892
1062,2023-01-14,2024-01-24,2026-04-23 19:05:30.458892
1063,2022-11-26,,2026-04-23 19:05:30.458892
1064,2022-06-04,2023-03-24,2026-04-23 19:05:30.458892
1065,2022-11-03,2023-08-15,2026-04-23 19:05:30.458892
1066,2022-07-04,2023-01-12,2026-04-23 19:05:30.458892
1067,2022-12-01,2023-12-25,2026-04-23 19:05:30.458892
1068,2023-04-08,,2026-04-23 19:05:30.458892
1069,2023-02-25,2023-01-05,2026-04-23 19:05:30.458892
1070,2023-04-28,2023-03-17,2026-04-23 19:05:30.458892
1071,2022-01-03,2024-02-15,2026-04-23 19:05:30.458892
1072,2022-06-06,2023-01-04,2026-04-23 19:05:30.458892
1073,2023-03-28,2024-01-07,2026-04-23 19:05:30.458892
1074,2022-06-24,2023-03-24,2026-04-23 19:05:30.458892
1075,2022-12-02,2024-03-04,2026-04-23 19:05:30.458892
1076,2022-03-10,,2026-04-23 19:05:30.458892
1077,2022-01-21,2024-04-16,2026-04-23 19:05:30.458892
1078,2023-05-03,,2026-04-23 19:05:30.458892
1079,2022-10-25,2024-02-16,2026-04-23 19:05:30.458892
1080,2022-04-28,2024-04-25,2026-04-23 19:05:30.458892
1081,2022-10-04,2023-02-04,2026-04-23 19:05:30.458892
1082,2022-05-10,2023-08-30,2026-04-23 19:05:30.458892
1083,2022-07-25,,2026-04-23 19:05:30.458892
1084,2022-07-16,2024-01-31,2026-04-23 19:05:30.458892
1085,2022-05-15,,2026-04-23 19:05:30.458892
1086,2022-07-22,,2026-04-23 19:05:30.458892
1087,2022-02-04,2023-10-26,2026-04-23 19:05:30.458892
1088,2022-01-30,2023-10-11,2026-04-23 19:05:30.458892
1089,2023-03-04,2023-08-03,2026-04-23 19:05:30.458892
1090,2023-03-06,2023-09-03,2026-04-23 19:05:30.458892
1091,2022-11-07,2023-08-26,2026-04-23 19:05:30.458892
1092,2022-09-14,2023-12-03,2026-04-23 19:05:30.458892
1093,2023-01-16,2023-01-19,2026-04-23 19:05:30.458892
1094,2022-07-01,2024-04-03,2026-04-23 19:05:30.458892
1095,2022-07-27,2024-03-27,2026-04-23 19:05:30.458892
1096,2023-01-02,2023-03-15,2026-04-23 19:05:30.458892
1097,2022-05-09,2024-01-14,2026-04-23 19:05:30.458892
1098,2022-03-04,2023-02-24,2026-04-23 19:05:30.458892
1099,2023-03-15,2023-03-24,2026-04-23 19:05:30.458892
1100,2022-12-08,2023-06-13,2026-04-23 19:05:30.458892
1101,2022-03-18,2023-11-14,2026-04-23 19:05:30.458892
1102,2023-01-13,,2026-04-23 19:05:30.458892
1103,2023-02-15,2023-06-16,2026-04-23 19:05:30.458892
1104,2022-01-15,2023-04-26,2026-04-23 19:05:30.458892
1105,2023-01-18,2023-10-24,2026-04-23 19:05:30.458892
1106,2023-04-10,2023-07-07,2026-04-23 19:05:30.458892
1107,2023-01-28,2023-09-12,2026-04-23 19:05:30.458892
1108,2022-11-21,2023-12-08,2026-04-23 19:05:30.458892
1109,2022-02-28,,2026-04-23 19:05:30.458892
1110,2022-05-31,2024-03-18,2026-04-23 19:05:30.458892
1111,2022-04-18,2023-12-19,2026-04-23 19:05:30.458892
1112,2023-01-04,2024-02-28,2026-04-23 19:05:30.458892
1113,2022-04-17,2024-04-19,2026-04-23 19:05:30.458892
1114,2022-05-19,2023-01-19,2026-04-23 19:05:30.458892
1115,2022-10-07,2023-11-07,2026-04-23 19:05:30.458892
1116,2022-03-13,,2026-04-23 19:05:30.458892
1117,2022-04-21,,2026-04-23 19:05:30.458892
1118,2022-08-14,2023-01-04,2026-04-23 19:05:30.458892
1119,2023-03-14,2024-04-11,2026-04-23 19:05:30.458892
1120,2022-04-16,,2026-04-23 19:05:30.458892
1121,2022-06-08,2023-10-08,2026-04-23 19:05:30.458892
1122,2022-05-30,2023-03-04,2026-04-23 19:05:30.458892
1123,2022-01-14,2024-03-29,2026-04-23 19:05:30.458892
1124,2022-01-05,2024-01-02,2026-04-23 19:05:30.458892
1125,2022-05-07,2023-09-26,2026-04-23 19:05:30.458892
1126,2022-09-30,2023-09-11,2026-04-23 19:05:30.458892
1127,2022-12-04,2023-04-25,2026-04-23 19:05:30.458892
1128,2022-07-30,,2026-04-23 19:05:30.458892
1129,2022-11-23,,2026-04-23 19:05:30.458892
1130,2022-12-12,2023-01-02,2026-04-23 19:05:30.458892
1131,2022-08-05,2023-03-08,2026-04-23 19:05:30.458892
1132,2023-04-11,2024-01-01,2026-04-23 19:05:30.458892
1133,2023-03-04,2023-10-13,2026-04-23 19:05:30.458892
1134,2022-03-20,,2026-04-23 19:05:30.458892
1135,2022-04-03,,2026-04-23 19:05:30.458892
1136,2022-08-26,2023-02-12,2026-04-23 19:05:30.458892
1137,2022-08-22,2023-04-03,2026-04-23 19:05:30.458892
1138,2022-06-26,,2026-04-23 19:05:30.458892
1139,2022-09-12,,2026-04-23 19:05:30.458892
1140,2022-11-17,2023-05-21,2026-04-23 19:05:30.458892
1141,2022-05-12,2023-02-16,2026-04-23 19:05:30.458892
1142,2022-09-22,2023-08-19,2026-04-23 19:05:30.458892
1143,2022-10-19,2023-08-12,2026-04-23 19:05:30.458892
1144,2022-06-28,,2026-04-23 19:05:30.458892
1145,2023-01-13,2023-02-06,2026-04-23 19:05:30.458892
1146,2023-02-20,,2026-04-23 19:05:30.458892
1147,2022-12-10,,2026-04-23 19:05:30.458892
1148,2023-01-12,2024-04-17,2026-04-23 19:05:30.458892
1149,2023-04-30,2023-06-07,2026-04-23 19:05:30.458892
1150,2022-05-26,2024-01-25,2026-04-23 19:05:30.458892
1151,2022-05-23,2023-08-10,2026-04-23 19:05:30.458892
1152,2022-01-20,2024-01-11,2026-04-23 19:05:30.458892
1153,2022-02-27,2023-01-09,2026-04-23 19:05:30.458892
1154,2022-10-23,2024-01-25,2026-04-23 19:05:30.458892
1155,2022-03-07,,2026-04-23 19:05:30.458892
1156,2022-12-11,2024-04-15,2026-04-23 19:05:30.458892
1157,2023-02-01,2023-03-11,2026-04-23 19:05:30.458892
1158,2023-04-20,2023-12-08,2026-04-23 19:05:30.458892
1159,2022-01-13,2023-03-07,2026-04-23 19:05:30.458892
1160,2022-03-03,,2026-04-23 19:05:30.458892
1161,2023-02-16,2023-06-30,2026-04-23 19:05:30.458892
1162,2022-02-15,2023-03-11,2026-04-23 19:05:30.458892
1163,2023-02-03,2023-08-22,2026-04-23 19:05:30.458892
1164,2022-04-03,2023-09-18,2026-04-23 19:05:30.458892
1165,2023-04-14,2023-01-20,2026-04-23 19:05:30.458892
1166,2023-03-04,2024-01-31,2026-04-23 19:05:30.458892
1167,2022-08-11,,2026-04-23 19:05:30.458892
1168,2022-01-23,,2026-04-23 19:05:30.458892
1169,2022-12-23,2024-01-27,2026-04-23 19:05:30.458892
1170,2022-03-08,2024-01-11,2026-04-23 19:05:30.458892
1171,2022-04-24,2023-07-05,2026-04-23 19:05:30.458892
1172,2023-04-28,2023-11-01,2026-04-23 19:05:30.458892
1173,2022-07-25,2023-03-05,2026-04-23 19:05:30.458892
1174,2022-03-07,2023-06-27,2026-04-23 19:05:30.458892
1175,2022-02-19,2023-08-23,2026-04-23 19:05:30.458892
1176,2022-05-21,2023-12-19,2026-04-23 19:05:30.458892
1177,2022-09-15,2023-09-07,2026-04-23 19:05:30.458892
1178,2023-04-05,2023-10-22,2026-04-23 19:05:30.458892
1179,2023-04-20,2023-02-09,2026-04-23 19:05:30.458892
1180,2022-02-03,2023-10-14,2026-04-23 19:05:30.458892
1181,2022-10-23,2023-09-16,2026-04-23 19:05:30.458892
1182,2022-09-10,,2026-04-23 19:05:30.458892
1183,2022-03-10,,2026-04-23 19:05:30.458892
1184,2022-07-08,2023-03-13,2026-04-23 19:05:30.458892
1185,2022-06-02,,2026-04-23 19:05:30.458892
1186,2022-07-22,2023-12-17,2026-04-23 19:05:30.458892
1187,2022-03-18,2023-01-29,2026-04-23 19:05:30.458892
1188,2022-07-10,2024-03-29,2026-04-23 19:05:30.458892
1189,2022-01-28,2023-11-08,2026-04-23 19:05:30.458892
1190,2022-08-01,2024-03-25,2026-04-23 19:05:30.458892
1191,2023-01-04,2023-03-28,2026-04-23 19:05:30.458892
1192,2022-02-25,2023-04-18,2026-04-23 19:05:30.458892
1193,2022-04-22,2023-11-15,2026-04-23 19:05:30.458892
1194,2022-08-31,,2026-04-23 19:05:30.458892
1195,2022-06-03,2023-11-05,2026-04-23 19:05:30.458892
1196,2022-06-04,2024-04-30,2026-04-23 19:05:30.458892
1197,2022-10-09,2023-02-15,2026-04-23 19:05:30.458892
1198,2022-09-28,2023-12-25,2026-04-23 19:05:30.458892
1199,2022-02-19,2023-05-17,2026-04-23 19:05:30.458892
1200,2023-01-25,2023-09-20,2026-04-23 19:05:30.458892
